{"v":"5.6.10","fr":30,"ip":30,"op":210,"w":900,"h":700,"nm":"Ã¥ÂÂÃ¦ÂÂ 1","ddd":0,"assets":[{"id":"comp_0","layers":[{"ddd":0,"ind":1,"ty":4,"nm":"Ã¥Â½Â¢Ã§ÂÂ¶Ã¥ÂÂ¾Ã¥Â±Â 18","sr":1,"ks":{"o":{"a":0,"k":100,"ix":11},"r":{"a":0,"k":340,"ix":10},"p":{"a":0,"k":[400,300,0],"ix":2},"a":{"a":0,"k":[1.258,2.078,0],"ix":1},"s":{"a":0,"k":[100,100,100],"ix":6}},"ao":0,"shapes":[{"ty":"gr","it":[{"d":1,"ty":"el","s":{"a":0,"k":[200,200],"ix":2},"p":{"a":0,"k":[0,0],"ix":3},"nm":"Ã¦Â¤Â­Ã¥ÂÂÃ¨Â·Â¯Ã¥Â¾Â 1","mn":"ADBE Vector Shape - Ellipse","hd":false},{"ty":"tm","s":{"a":0,"k":0,"ix":1},"e":{"a":0,"k":5,"ix":2},"o":{"a":1,"k":[{"i":{"x":[0.667],"y":[1]},"o":{"x":[0.333],"y":[0]},"t":0,"s":[0]},{"t":30,"s":[120]}],"ix":3},"m":1,"ix":2,"nm":"Ã¤Â¿Â®Ã¥ÂÂªÃ¨Â·Â¯Ã¥Â¾Â 1","mn":"ADBE Vector Filter - Trim","hd":false},{"ty":"st","c":{"a":0,"k":[0.16862745098039217,0.4235294117647059,0.6509803921568628,1],"ix":3},"o":{"a":0,"k":100,"ix":4},"w":{"a":0,"k":40,"ix":5},"lc":2,"lj":1,"ml":4,"bm":0,"nm":"Ã¦ÂÂÃ¨Â¾Â¹ 1","mn":"ADBE Vector Graphic - Stroke","hd":false},{"ty":"tr","p":{"a":0,"k":[1.258,2.078],"ix":2},"a":{"a":0,"k":[0,0],"ix":1},"s":{"a":0,"k":[100,100],"ix":3},"r":{"a":0,"k":0,"ix":6},"o":{"a":0,"k":100,"ix":7},"sk":{"a":0,"k":0,"ix":4},"sa":{"a":0,"k":0,"ix":5},"nm":"Ã¥ÂÂÃ¦ÂÂ¢"}],"nm":"Ã¦Â¤Â­Ã¥ÂÂ 1","np":4,"cix":2,"bm":0,"ix":1,"mn":"ADBE Vector Group","hd":false}],"ip":0,"op":121,"st":0,"bm":0},{"ddd":0,"ind":2,"ty":4,"nm":"Ã¥Â½Â¢Ã§ÂÂ¶Ã¥ÂÂ¾Ã¥Â±Â 17","sr":1,"ks":{"o":{"a":0,"k":100,"ix":11},"r":{"a":0,"k":320,"ix":10},"p":{"a":0,"k":[400,300,0],"ix":2},"a":{"a":0,"k":[1.258,2.078,0],"ix":1},"s":{"a":0,"k":[100,100,100],"ix":6}},"ao":0,"shapes":[{"ty":"gr","it":[{"d":1,"ty":"el","s":{"a":0,"k":[200,200],"ix":2},"p":{"a":0,"k":[0,0],"ix":3},"nm":"Ã¦Â¤Â­Ã¥ÂÂÃ¨Â·Â¯Ã¥Â¾Â 1","mn":"ADBE Vector Shape - Ellipse","hd":false},{"ty":"tm","s":{"a":0,"k":0,"ix":1},"e":{"a":0,"k":5,"ix":2},"o":{"a":1,"k":[{"i":{"x":[0.667],"y":[1]},"o":{"x":[0.333],"y":[0]},"t":10,"s":[0]},{"t":40,"s":[120]}],"ix":3},"m":1,"ix":2,"nm":"Ã¤Â¿Â®Ã¥ÂÂªÃ¨Â·Â¯Ã¥Â¾Â 1","mn":"ADBE Vector Filter - Trim","hd":false},{"ty":"st","c":{"a":0,"k":[0.16862745098039217,0.4235294117647059,0.6509803921568628,1],"ix":3},"o":{"a":0,"k":100,"ix":4},"w":{"a":0,"k":40,"ix":5},"lc":2,"lj":1,"ml":4,"bm":0,"nm":"Ã¦ÂÂÃ¨Â¾Â¹ 1","mn":"ADBE Vector Graphic - Stroke","hd":false},{"ty":"tr","p":{"a":0,"k":[1.258,2.078],"ix":2},"a":{"a":0,"k":[0,0],"ix":1},"s":{"a":0,"k":[100,100],"ix":3},"r":{"a":0,"k":0,"ix":6},"o":{"a":0,"k":100,"ix":7},"sk":{"a":0,"k":0,"ix":4},"sa":{"a":0,"k":0,"ix":5},"nm":"Ã¥ÂÂÃ¦ÂÂ¢"}],"nm":"Ã¦Â¤Â­Ã¥ÂÂ 1","np":4,"cix":2,"bm":0,"ix":1,"mn":"ADBE Vector Group","hd":false}],"ip":0,"op":121,"st":10,"bm":0},{"ddd":0,"ind":3,"ty":4,"nm":"Ã¥Â½Â¢Ã§ÂÂ¶Ã¥ÂÂ¾Ã¥Â±Â 16","sr":1,"ks":{"o":{"a":0,"k":100,"ix":11},"r":{"a":0,"k":300,"ix":10},"p":{"a":0,"k":[400,300,0],"ix":2},"a":{"a":0,"k":[1.258,2.078,0],"ix":1},"s":{"a":0,"k":[100,100,100],"ix":6}},"ao":0,"shapes":[{"ty":"gr","it":[{"d":1,"ty":"el","s":{"a":0,"k":[200,200],"ix":2},"p":{"a":0,"k":[0,0],"ix":3},"nm":"Ã¦Â¤Â­Ã¥ÂÂÃ¨Â·Â¯Ã¥Â¾Â 1","mn":"ADBE Vector Shape - Ellipse","hd":false},{"ty":"tm","s":{"a":0,"k":0,"ix":1},"e":{"a":0,"k":5,"ix":2},"o":{"a":1,"k":[{"i":{"x":[0.667],"y":[1]},"o":{"x":[0.333],"y":[0]},"t":20,"s":[0]},{"t":50,"s":[120]}],"ix":3},"m":1,"ix":2,"nm":"Ã¤Â¿Â®Ã¥ÂÂªÃ¨Â·Â¯Ã¥Â¾Â 1","mn":"ADBE Vector Filter - Trim","hd":false},{"ty":"st","c":{"a":0,"k":[0.16862745098039217,0.4235294117647059,0.6509803921568628,1],"ix":3},"o":{"a":0,"k":100,"ix":4},"w":{"a":0,"k":40,"ix":5},"lc":2,"lj":1,"ml":4,"bm":0,"nm":"Ã¦ÂÂÃ¨Â¾Â¹ 1","mn":"ADBE Vector Graphic - Stroke","hd":false},{"ty":"tr","p":{"a":0,"k":[1.258,2.078],"ix":2},"a":{"a":0,"k":[0,0],"ix":1},"s":{"a":0,"k":[100,100],"ix":3},"r":{"a":0,"k":0,"ix":6},"o":{"a":0,"k":100,"ix":7},"sk":{"a":0,"k":0,"ix":4},"sa":{"a":0,"k":0,"ix":5},"nm":"Ã¥ÂÂÃ¦ÂÂ¢"}],"nm":"Ã¦Â¤Â­Ã¥ÂÂ 1","np":4,"cix":2,"bm":0,"ix":1,"mn":"ADBE Vector Group","hd":false}],"ip":0,"op":121,"st":20,"bm":0},{"ddd":0,"ind":4,"ty":4,"nm":"Ã¥Â½Â¢Ã§ÂÂ¶Ã¥ÂÂ¾Ã¥Â±Â 15","sr":1,"ks":{"o":{"a":0,"k":100,"ix":11},"r":{"a":0,"k":280,"ix":10},"p":{"a":0,"k":[400,300,0],"ix":2},"a":{"a":0,"k":[1.258,2.078,0],"ix":1},"s":{"a":0,"k":[100,100,100],"ix":6}},"ao":0,"shapes":[{"ty":"gr","it":[{"d":1,"ty":"el","s":{"a":0,"k":[200,200],"ix":2},"p":{"a":0,"k":[0,0],"ix":3},"nm":"Ã¦Â¤Â­Ã¥ÂÂÃ¨Â·Â¯Ã¥Â¾Â 1","mn":"ADBE Vector Shape - Ellipse","hd":false},{"ty":"tm","s":{"a":0,"k":0,"ix":1},"e":{"a":0,"k":5,"ix":2},"o":{"a":1,"k":[{"i":{"x":[0.667],"y":[1]},"o":{"x":[0.333],"y":[0]},"t":30,"s":[0]},{"t":60,"s":[120]}],"ix":3},"m":1,"ix":2,"nm":"Ã¤Â¿Â®Ã¥ÂÂªÃ¨Â·Â¯Ã¥Â¾Â 1","mn":"ADBE Vector Filter - Trim","hd":false},{"ty":"st","c":{"a":0,"k":[0.16862745098039217,0.4235294117647059,0.6509803921568628,1],"ix":3},"o":{"a":0,"k":100,"ix":4},"w":{"a":0,"k":40,"ix":5},"lc":2,"lj":1,"ml":4,"bm":0,"nm":"Ã¦ÂÂÃ¨Â¾Â¹ 1","mn":"ADBE Vector Graphic - Stroke","hd":false},{"ty":"tr","p":{"a":0,"k":[1.258,2.078],"ix":2},"a":{"a":0,"k":[0,0],"ix":1},"s":{"a":0,"k":[100,100],"ix":3},"r":{"a":0,"k":0,"ix":6},"o":{"a":0,"k":100,"ix":7},"sk":{"a":0,"k":0,"ix":4},"sa":{"a":0,"k":0,"ix":5},"nm":"Ã¥ÂÂÃ¦ÂÂ¢"}],"nm":"Ã¦Â¤Â­Ã¥ÂÂ 1","np":4,"cix":2,"bm":0,"ix":1,"mn":"ADBE Vector Group","hd":false}],"ip":0,"op":121,"st":30,"bm":0},{"ddd":0,"ind":5,"ty":4,"nm":"Ã¥Â½Â¢Ã§ÂÂ¶Ã¥ÂÂ¾Ã¥Â±Â 14","sr":1,"ks":{"o":{"a":0,"k":100,"ix":11},"r":{"a":0,"k":260,"ix":10},"p":{"a":0,"k":[400,300,0],"ix":2},"a":{"a":0,"k":[1.258,2.078,0],"ix":1},"s":{"a":0,"k":[100,100,100],"ix":6}},"ao":0,"shapes":[{"ty":"gr","it":[{"d":1,"ty":"el","s":{"a":0,"k":[200,200],"ix":2},"p":{"a":0,"k":[0,0],"ix":3},"nm":"Ã¦Â¤Â­Ã¥ÂÂÃ¨Â·Â¯Ã¥Â¾Â 1","mn":"ADBE Vector Shape - Ellipse","hd":false},{"ty":"tm","s":{"a":0,"k":0,"ix":1},"e":{"a":0,"k":5,"ix":2},"o":{"a":1,"k":[{"i":{"x":[0.667],"y":[1]},"o":{"x":[0.333],"y":[0]},"t":40,"s":[0]},{"t":70,"s":[120]}],"ix":3},"m":1,"ix":2,"nm":"Ã¤Â¿Â®Ã¥ÂÂªÃ¨Â·Â¯Ã¥Â¾Â 1","mn":"ADBE Vector Filter - Trim","hd":false},{"ty":"st","c":{"a":0,"k":[0.16862745098039217,0.4235294117647059,0.6509803921568628,1],"ix":3},"o":{"a":0,"k":100,"ix":4},"w":{"a":0,"k":40,"ix":5},"lc":2,"lj":1,"ml":4,"bm":0,"nm":"Ã¦ÂÂÃ¨Â¾Â¹ 1","mn":"ADBE Vector Graphic - Stroke","hd":false},{"ty":"tr","p":{"a":0,"k":[1.258,2.078],"ix":2},"a":{"a":0,"k":[0,0],"ix":1},"s":{"a":0,"k":[100,100],"ix":3},"r":{"a":0,"k":0,"ix":6},"o":{"a":0,"k":100,"ix":7},"sk":{"a":0,"k":0,"ix":4},"sa":{"a":0,"k":0,"ix":5},"nm":"Ã¥ÂÂÃ¦ÂÂ¢"}],"nm":"Ã¦Â¤Â­Ã¥ÂÂ 1","np":4,"cix":2,"bm":0,"ix":1,"mn":"ADBE Vector Group","hd":false}],"ip":0,"op":121,"st":40,"bm":0},{"ddd":0,"ind":6,"ty":4,"nm":"Ã¥Â½Â¢Ã§ÂÂ¶Ã¥ÂÂ¾Ã¥Â±Â 13","sr":1,"ks":{"o":{"a":0,"k":100,"ix":11},"r":{"a":0,"k":240,"ix":10},"p":{"a":0,"k":[400,300,0],"ix":2},"a":{"a":0,"k":[1.258,2.078,0],"ix":1},"s":{"a":0,"k":[100,100,100],"ix":6}},"ao":0,"shapes":[{"ty":"gr","it":[{"d":1,"ty":"el","s":{"a":0,"k":[200,200],"ix":2},"p":{"a":0,"k":[0,0],"ix":3},"nm":"Ã¦Â¤Â­Ã¥ÂÂÃ¨Â·Â¯Ã¥Â¾Â 1","mn":"ADBE Vector Shape - Ellipse","hd":false},{"ty":"tm","s":{"a":0,"k":0,"ix":1},"e":{"a":0,"k":5,"ix":2},"o":{"a":1,"k":[{"i":{"x":[0.667],"y":[1]},"o":{"x":[0.333],"y":[0]},"t":50,"s":[0]},{"t":80,"s":[120]}],"ix":3},"m":1,"ix":2,"nm":"Ã¤Â¿Â®Ã¥ÂÂªÃ¨Â·Â¯Ã¥Â¾Â 1","mn":"ADBE Vector Filter - Trim","hd":false},{"ty":"st","c":{"a":0,"k":[0.16862745098039217,0.4235294117647059,0.6509803921568628,1],"ix":3},"o":{"a":0,"k":100,"ix":4},"w":{"a":0,"k":40,"ix":5},"lc":2,"lj":1,"ml":4,"bm":0,"nm":"Ã¦ÂÂÃ¨Â¾Â¹ 1","mn":"ADBE Vector Graphic - Stroke","hd":false},{"ty":"tr","p":{"a":0,"k":[1.258,2.078],"ix":2},"a":{"a":0,"k":[0,0],"ix":1},"s":{"a":0,"k":[100,100],"ix":3},"r":{"a":0,"k":0,"ix":6},"o":{"a":0,"k":100,"ix":7},"sk":{"a":0,"k":0,"ix":4},"sa":{"a":0,"k":0,"ix":5},"nm":"Ã¥ÂÂÃ¦ÂÂ¢"}],"nm":"Ã¦Â¤Â­Ã¥ÂÂ 1","np":4,"cix":2,"bm":0,"ix":1,"mn":"ADBE Vector Group","hd":false}],"ip":0,"op":121,"st":50,"bm":0},{"ddd":0,"ind":7,"ty":4,"nm":"Ã¥Â½Â¢Ã§ÂÂ¶Ã¥ÂÂ¾Ã¥Â±Â 12","sr":1,"ks":{"o":{"a":0,"k":100,"ix":11},"r":{"a":0,"k":220,"ix":10},"p":{"a":0,"k":[400,300,0],"ix":2},"a":{"a":0,"k":[1.258,2.078,0],"ix":1},"s":{"a":0,"k":[100,100,100],"ix":6}},"ao":0,"shapes":[{"ty":"gr","it":[{"d":1,"ty":"el","s":{"a":0,"k":[200,200],"ix":2},"p":{"a":0,"k":[0,0],"ix":3},"nm":"Ã¦Â¤Â­Ã¥ÂÂÃ¨Â·Â¯Ã¥Â¾Â 1","mn":"ADBE Vector Shape - Ellipse","hd":false},{"ty":"tm","s":{"a":0,"k":0,"ix":1},"e":{"a":0,"k":5,"ix":2},"o":{"a":1,"k":[{"i":{"x":[0.667],"y":[1]},"o":{"x":[0.333],"y":[0]},"t":60,"s":[0]},{"t":90,"s":[120]}],"ix":3},"m":1,"ix":2,"nm":"Ã¤Â¿Â®Ã¥ÂÂªÃ¨Â·Â¯Ã¥Â¾Â 1","mn":"ADBE Vector Filter - Trim","hd":false},{"ty":"st","c":{"a":0,"k":[0.16862745098039217,0.4235294117647059,0.6509803921568628,1],"ix":3},"o":{"a":0,"k":100,"ix":4},"w":{"a":0,"k":40,"ix":5},"lc":2,"lj":1,"ml":4,"bm":0,"nm":"Ã¦ÂÂÃ¨Â¾Â¹ 1","mn":"ADBE Vector Graphic - Stroke","hd":false},{"ty":"tr","p":{"a":0,"k":[1.258,2.078],"ix":2},"a":{"a":0,"k":[0,0],"ix":1},"s":{"a":0,"k":[100,100],"ix":3},"r":{"a":0,"k":0,"ix":6},"o":{"a":0,"k":100,"ix":7},"sk":{"a":0,"k":0,"ix":4},"sa":{"a":0,"k":0,"ix":5},"nm":"Ã¥ÂÂÃ¦ÂÂ¢"}],"nm":"Ã¦Â¤Â­Ã¥ÂÂ 1","np":4,"cix":2,"bm":0,"ix":1,"mn":"ADBE Vector Group","hd":false}],"ip":0,"op":181,"st":60,"bm":0},{"ddd":0,"ind":8,"ty":4,"nm":"Ã¥Â½Â¢Ã§ÂÂ¶Ã¥ÂÂ¾Ã¥Â±Â 11","sr":1,"ks":{"o":{"a":0,"k":100,"ix":11},"r":{"a":0,"k":200,"ix":10},"p":{"a":0,"k":[400,300,0],"ix":2},"a":{"a":0,"k":[1.258,2.078,0],"ix":1},"s":{"a":0,"k":[100,100,100],"ix":6}},"ao":0,"shapes":[{"ty":"gr","it":[{"d":1,"ty":"el","s":{"a":0,"k":[200,200],"ix":2},"p":{"a":0,"k":[0,0],"ix":3},"nm":"Ã¦Â¤Â­Ã¥ÂÂÃ¨Â·Â¯Ã¥Â¾Â 1","mn":"ADBE Vector Shape - Ellipse","hd":false},{"ty":"tm","s":{"a":0,"k":0,"ix":1},"e":{"a":0,"k":5,"ix":2},"o":{"a":1,"k":[{"i":{"x":[0.667],"y":[1]},"o":{"x":[0.333],"y":[0]},"t":70,"s":[0]},{"t":100,"s":[120]}],"ix":3},"m":1,"ix":2,"nm":"Ã¤Â¿Â®Ã¥ÂÂªÃ¨Â·Â¯Ã¥Â¾Â 1","mn":"ADBE Vector Filter - Trim","hd":false},{"ty":"st","c":{"a":0,"k":[0.16862745098039217,0.4235294117647059,0.6509803921568628,1],"ix":3},"o":{"a":0,"k":100,"ix":4},"w":{"a":0,"k":40,"ix":5},"lc":2,"lj":1,"ml":4,"bm":0,"nm":"Ã¦ÂÂÃ¨Â¾Â¹ 1","mn":"ADBE Vector Graphic - Stroke","hd":false},{"ty":"tr","p":{"a":0,"k":[1.258,2.078],"ix":2},"a":{"a":0,"k":[0,0],"ix":1},"s":{"a":0,"k":[100,100],"ix":3},"r":{"a":0,"k":0,"ix":6},"o":{"a":0,"k":100,"ix":7},"sk":{"a":0,"k":0,"ix":4},"sa":{"a":0,"k":0,"ix":5},"nm":"Ã¥ÂÂÃ¦ÂÂ¢"}],"nm":"Ã¦Â¤Â­Ã¥ÂÂ 1","np":4,"cix":2,"bm":0,"ix":1,"mn":"ADBE Vector Group","hd":false}],"ip":0,"op":181,"st":70,"bm":0},{"ddd":0,"ind":9,"ty":4,"nm":"Ã¥Â½Â¢Ã§ÂÂ¶Ã¥ÂÂ¾Ã¥Â±Â 10","sr":1,"ks":{"o":{"a":0,"k":100,"ix":11},"r":{"a":0,"k":180,"ix":10},"p":{"a":0,"k":[400,300,0],"ix":2},"a":{"a":0,"k":[1.258,2.078,0],"ix":1},"s":{"a":0,"k":[100,100,100],"ix":6}},"ao":0,"shapes":[{"ty":"gr","it":[{"d":1,"ty":"el","s":{"a":0,"k":[200,200],"ix":2},"p":{"a":0,"k":[0,0],"ix":3},"nm":"Ã¦Â¤Â­Ã¥ÂÂÃ¨Â·Â¯Ã¥Â¾Â 1","mn":"ADBE Vector Shape - Ellipse","hd":false},{"ty":"tm","s":{"a":0,"k":0,"ix":1},"e":{"a":0,"k":5,"ix":2},"o":{"a":1,"k":[{"i":{"x":[0.667],"y":[1]},"o":{"x":[0.333],"y":[0]},"t":80,"s":[0]},{"t":110,"s":[120]}],"ix":3},"m":1,"ix":2,"nm":"Ã¤Â¿Â®Ã¥ÂÂªÃ¨Â·Â¯Ã¥Â¾Â 1","mn":"ADBE Vector Filter - Trim","hd":false},{"ty":"st","c":{"a":0,"k":[0.16862745098039217,0.4235294117647059,0.6509803921568628,1],"ix":3},"o":{"a":0,"k":100,"ix":4},"w":{"a":0,"k":40,"ix":5},"lc":2,"lj":1,"ml":4,"bm":0,"nm":"Ã¦ÂÂÃ¨Â¾Â¹ 1","mn":"ADBE Vector Graphic - Stroke","hd":false},{"ty":"tr","p":{"a":0,"k":[1.258,2.078],"ix":2},"a":{"a":0,"k":[0,0],"ix":1},"s":{"a":0,"k":[100,100],"ix":3},"r":{"a":0,"k":0,"ix":6},"o":{"a":0,"k":100,"ix":7},"sk":{"a":0,"k":0,"ix":4},"sa":{"a":0,"k":0,"ix":5},"nm":"Ã¥ÂÂÃ¦ÂÂ¢"}],"nm":"Ã¦Â¤Â­Ã¥ÂÂ 1","np":4,"cix":2,"bm":0,"ix":1,"mn":"ADBE Vector Group","hd":false}],"ip":0,"op":181,"st":80,"bm":0},{"ddd":0,"ind":10,"ty":4,"nm":"Ã¥Â½Â¢Ã§ÂÂ¶Ã¥ÂÂ¾Ã¥Â±Â 9","sr":1,"ks":{"o":{"a":0,"k":100,"ix":11},"r":{"a":0,"k":160,"ix":10},"p":{"a":0,"k":[400,300,0],"ix":2},"a":{"a":0,"k":[1.258,2.078,0],"ix":1},"s":{"a":0,"k":[100,100,100],"ix":6}},"ao":0,"shapes":[{"ty":"gr","it":[{"d":1,"ty":"el","s":{"a":0,"k":[200,200],"ix":2},"p":{"a":0,"k":[0,0],"ix":3},"nm":"Ã¦Â¤Â­Ã¥ÂÂÃ¨Â·Â¯Ã¥Â¾Â 1","mn":"ADBE Vector Shape - Ellipse","hd":false},{"ty":"tm","s":{"a":0,"k":0,"ix":1},"e":{"a":0,"k":5,"ix":2},"o":{"a":1,"k":[{"i":{"x":[0.667],"y":[1]},"o":{"x":[0.333],"y":[0]},"t":90,"s":[0]},{"t":120,"s":[120]}],"ix":3},"m":1,"ix":2,"nm":"Ã¤Â¿Â®Ã¥ÂÂªÃ¨Â·Â¯Ã¥Â¾Â 1","mn":"ADBE Vector Filter - Trim","hd":false},{"ty":"st","c":{"a":0,"k":[0.16862745098039217,0.4235294117647059,0.6509803921568628,1],"ix":3},"o":{"a":0,"k":100,"ix":4},"w":{"a":0,"k":40,"ix":5},"lc":2,"lj":1,"ml":4,"bm":0,"nm":"Ã¦ÂÂÃ¨Â¾Â¹ 1","mn":"ADBE Vector Graphic - Stroke","hd":false},{"ty":"tr","p":{"a":0,"k":[1.258,2.078],"ix":2},"a":{"a":0,"k":[0,0],"ix":1},"s":{"a":0,"k":[100,100],"ix":3},"r":{"a":0,"k":0,"ix":6},"o":{"a":0,"k":100,"ix":7},"sk":{"a":0,"k":0,"ix":4},"sa":{"a":0,"k":0,"ix":5},"nm":"Ã¥ÂÂÃ¦ÂÂ¢"}],"nm":"Ã¦Â¤Â­Ã¥ÂÂ 1","np":4,"cix":2,"bm":0,"ix":1,"mn":"ADBE Vector Group","hd":false}],"ip":0,"op":181,"st":90,"bm":0},{"ddd":0,"ind":11,"ty":4,"nm":"Ã¥Â½Â¢Ã§ÂÂ¶Ã¥ÂÂ¾Ã¥Â±Â 8","sr":1,"ks":{"o":{"a":0,"k":100,"ix":11},"r":{"a":0,"k":140,"ix":10},"p":{"a":0,"k":[400,300,0],"ix":2},"a":{"a":0,"k":[1.258,2.078,0],"ix":1},"s":{"a":0,"k":[100,100,100],"ix":6}},"ao":0,"shapes":[{"ty":"gr","it":[{"d":1,"ty":"el","s":{"a":0,"k":[200,200],"ix":2},"p":{"a":0,"k":[0,0],"ix":3},"nm":"Ã¦Â¤Â­Ã¥ÂÂÃ¨Â·Â¯Ã¥Â¾Â 1","mn":"ADBE Vector Shape - Ellipse","hd":false},{"ty":"tm","s":{"a":0,"k":0,"ix":1},"e":{"a":0,"k":5,"ix":2},"o":{"a":1,"k":[{"i":{"x":[0.667],"y":[1]},"o":{"x":[0.333],"y":[0]},"t":100,"s":[0]},{"t":130,"s":[120]}],"ix":3},"m":1,"ix":2,"nm":"Ã¤Â¿Â®Ã¥ÂÂªÃ¨Â·Â¯Ã¥Â¾Â 1","mn":"ADBE Vector Filter - Trim","hd":false},{"ty":"st","c":{"a":0,"k":[0.16862745098039217,0.4235294117647059,0.6509803921568628,1],"ix":3},"o":{"a":0,"k":100,"ix":4},"w":{"a":0,"k":40,"ix":5},"lc":2,"lj":1,"ml":4,"bm":0,"nm":"Ã¦ÂÂÃ¨Â¾Â¹ 1","mn":"ADBE Vector Graphic - Stroke","hd":false},{"ty":"tr","p":{"a":0,"k":[1.258,2.078],"ix":2},"a":{"a":0,"k":[0,0],"ix":1},"s":{"a":0,"k":[100,100],"ix":3},"r":{"a":0,"k":0,"ix":6},"o":{"a":0,"k":100,"ix":7},"sk":{"a":0,"k":0,"ix":4},"sa":{"a":0,"k":0,"ix":5},"nm":"Ã¥ÂÂÃ¦ÂÂ¢"}],"nm":"Ã¦Â¤Â­Ã¥ÂÂ 1","np":4,"cix":2,"bm":0,"ix":1,"mn":"ADBE Vector Group","hd":false}],"ip":0,"op":181,"st":100,"bm":0},{"ddd":0,"ind":12,"ty":4,"nm":"Ã¥Â½Â¢Ã§ÂÂ¶Ã¥ÂÂ¾Ã¥Â±Â 7","sr":1,"ks":{"o":{"a":0,"k":100,"ix":11},"r":{"a":0,"k":120,"ix":10},"p":{"a":0,"k":[400,300,0],"ix":2},"a":{"a":0,"k":[1.258,2.078,0],"ix":1},"s":{"a":0,"k":[100,100,100],"ix":6}},"ao":0,"shapes":[{"ty":"gr","it":[{"d":1,"ty":"el","s":{"a":0,"k":[200,200],"ix":2},"p":{"a":0,"k":[0,0],"ix":3},"nm":"Ã¦Â¤Â­Ã¥ÂÂÃ¨Â·Â¯Ã¥Â¾Â 1","mn":"ADBE Vector Shape - Ellipse","hd":false},{"ty":"tm","s":{"a":0,"k":0,"ix":1},"e":{"a":0,"k":5,"ix":2},"o":{"a":1,"k":[{"i":{"x":[0.667],"y":[1]},"o":{"x":[0.333],"y":[0]},"t":110,"s":[0]},{"t":140,"s":[120]}],"ix":3},"m":1,"ix":2,"nm":"Ã¤Â¿Â®Ã¥ÂÂªÃ¨Â·Â¯Ã¥Â¾Â 1","mn":"ADBE Vector Filter - Trim","hd":false},{"ty":"st","c":{"a":0,"k":[0.16862745098039217,0.4235294117647059,0.6509803921568628,1],"ix":3},"o":{"a":0,"k":100,"ix":4},"w":{"a":0,"k":40,"ix":5},"lc":2,"lj":1,"ml":4,"bm":0,"nm":"Ã¦ÂÂÃ¨Â¾Â¹ 1","mn":"ADBE Vector Graphic - Stroke","hd":false},{"ty":"tr","p":{"a":0,"k":[1.258,2.078],"ix":2},"a":{"a":0,"k":[0,0],"ix":1},"s":{"a":0,"k":[100,100],"ix":3},"r":{"a":0,"k":0,"ix":6},"o":{"a":0,"k":100,"ix":7},"sk":{"a":0,"k":0,"ix":4},"sa":{"a":0,"k":0,"ix":5},"nm":"Ã¥ÂÂÃ¦ÂÂ¢"}],"nm":"Ã¦Â¤Â­Ã¥ÂÂ 1","np":4,"cix":2,"bm":0,"ix":1,"mn":"ADBE Vector Group","hd":false}],"ip":0,"op":181,"st":110,"bm":0},{"ddd":0,"ind":13,"ty":4,"nm":"Ã¥Â½Â¢Ã§ÂÂ¶Ã¥ÂÂ¾Ã¥Â±Â 6","sr":1,"ks":{"o":{"a":0,"k":100,"ix":11},"r":{"a":0,"k":100,"ix":10},"p":{"a":0,"k":[400,300,0],"ix":2},"a":{"a":0,"k":[1.258,2.078,0],"ix":1},"s":{"a":0,"k":[100,100,100],"ix":6}},"ao":0,"shapes":[{"ty":"gr","it":[{"d":1,"ty":"el","s":{"a":0,"k":[200,200],"ix":2},"p":{"a":0,"k":[0,0],"ix":3},"nm":"Ã¦Â¤Â­Ã¥ÂÂÃ¨Â·Â¯Ã¥Â¾Â 1","mn":"ADBE Vector Shape - Ellipse","hd":false},{"ty":"tm","s":{"a":0,"k":0,"ix":1},"e":{"a":0,"k":5,"ix":2},"o":{"a":1,"k":[{"i":{"x":[0.667],"y":[1]},"o":{"x":[0.333],"y":[0]},"t":120,"s":[0]},{"t":150,"s":[120]}],"ix":3},"m":1,"ix":2,"nm":"Ã¤Â¿Â®Ã¥ÂÂªÃ¨Â·Â¯Ã¥Â¾Â 1","mn":"ADBE Vector Filter - Trim","hd":false},{"ty":"st","c":{"a":0,"k":[0.16862745098039217,0.4235294117647059,0.6509803921568628,1],"ix":3},"o":{"a":0,"k":100,"ix":4},"w":{"a":0,"k":40,"ix":5},"lc":2,"lj":1,"ml":4,"bm":0,"nm":"Ã¦ÂÂÃ¨Â¾Â¹ 1","mn":"ADBE Vector Graphic - Stroke","hd":false},{"ty":"tr","p":{"a":0,"k":[1.258,2.078],"ix":2},"a":{"a":0,"k":[0,0],"ix":1},"s":{"a":0,"k":[100,100],"ix":3},"r":{"a":0,"k":0,"ix":6},"o":{"a":0,"k":100,"ix":7},"sk":{"a":0,"k":0,"ix":4},"sa":{"a":0,"k":0,"ix":5},"nm":"Ã¥ÂÂÃ¦ÂÂ¢"}],"nm":"Ã¦Â¤Â­Ã¥ÂÂ 1","np":4,"cix":2,"bm":0,"ix":1,"mn":"ADBE Vector Group","hd":false}],"ip":78,"op":420,"st":120,"bm":0},{"ddd":0,"ind":14,"ty":4,"nm":"Ã¥Â½Â¢Ã§ÂÂ¶Ã¥ÂÂ¾Ã¥Â±Â 5","sr":1,"ks":{"o":{"a":0,"k":100,"ix":11},"r":{"a":0,"k":80,"ix":10},"p":{"a":0,"k":[400,300,0],"ix":2},"a":{"a":0,"k":[1.258,2.078,0],"ix":1},"s":{"a":0,"k":[100,100,100],"ix":6}},"ao":0,"shapes":[{"ty":"gr","it":[{"d":1,"ty":"el","s":{"a":0,"k":[200,200],"ix":2},"p":{"a":0,"k":[0,0],"ix":3},"nm":"Ã¦Â¤Â­Ã¥ÂÂÃ¨Â·Â¯Ã¥Â¾Â 1","mn":"ADBE Vector Shape - Ellipse","hd":false},{"ty":"tm","s":{"a":0,"k":0,"ix":1},"e":{"a":0,"k":5,"ix":2},"o":{"a":1,"k":[{"i":{"x":[0.667],"y":[1]},"o":{"x":[0.333],"y":[0]},"t":130,"s":[0]},{"t":160,"s":[120]}],"ix":3},"m":1,"ix":2,"nm":"Ã¤Â¿Â®Ã¥ÂÂªÃ¨Â·Â¯Ã¥Â¾Â 1","mn":"ADBE Vector Filter - Trim","hd":false},{"ty":"st","c":{"a":0,"k":[0.16862745098039217,0.4235294117647059,0.6509803921568628,1],"ix":3},"o":{"a":0,"k":100,"ix":4},"w":{"a":0,"k":40,"ix":5},"lc":2,"lj":1,"ml":4,"bm":0,"nm":"Ã¦ÂÂÃ¨Â¾Â¹ 1","mn":"ADBE Vector Graphic - Stroke","hd":false},{"ty":"tr","p":{"a":0,"k":[1.258,2.078],"ix":2},"a":{"a":0,"k":[0,0],"ix":1},"s":{"a":0,"k":[100,100],"ix":3},"r":{"a":0,"k":0,"ix":6},"o":{"a":0,"k":100,"ix":7},"sk":{"a":0,"k":0,"ix":4},"sa":{"a":0,"k":0,"ix":5},"nm":"Ã¥ÂÂÃ¦ÂÂ¢"}],"nm":"Ã¦Â¤Â­Ã¥ÂÂ 1","np":4,"cix":2,"bm":0,"ix":1,"mn":"ADBE Vector Group","hd":false}],"ip":78,"op":430,"st":130,"bm":0},{"ddd":0,"ind":15,"ty":4,"nm":"Ã¥Â½Â¢Ã§ÂÂ¶Ã¥ÂÂ¾Ã¥Â±Â 4","sr":1,"ks":{"o":{"a":0,"k":100,"ix":11},"r":{"a":0,"k":60,"ix":10},"p":{"a":0,"k":[400,300,0],"ix":2},"a":{"a":0,"k":[1.258,2.078,0],"ix":1},"s":{"a":0,"k":[100,100,100],"ix":6}},"ao":0,"shapes":[{"ty":"gr","it":[{"d":1,"ty":"el","s":{"a":0,"k":[200,200],"ix":2},"p":{"a":0,"k":[0,0],"ix":3},"nm":"Ã¦Â¤Â­Ã¥ÂÂÃ¨Â·Â¯Ã¥Â¾Â 1","mn":"ADBE Vector Shape - Ellipse","hd":false},{"ty":"tm","s":{"a":0,"k":0,"ix":1},"e":{"a":0,"k":5,"ix":2},"o":{"a":1,"k":[{"i":{"x":[0.667],"y":[1]},"o":{"x":[0.333],"y":[0]},"t":140,"s":[0]},{"t":170,"s":[120]}],"ix":3},"m":1,"ix":2,"nm":"Ã¤Â¿Â®Ã¥ÂÂªÃ¨Â·Â¯Ã¥Â¾Â 1","mn":"ADBE Vector Filter - Trim","hd":false},{"ty":"st","c":{"a":0,"k":[0.16862745098039217,0.4235294117647059,0.6509803921568628,1],"ix":3},"o":{"a":0,"k":100,"ix":4},"w":{"a":0,"k":40,"ix":5},"lc":2,"lj":1,"ml":4,"bm":0,"nm":"Ã¦ÂÂÃ¨Â¾Â¹ 1","mn":"ADBE Vector Graphic - Stroke","hd":false},{"ty":"tr","p":{"a":0,"k":[1.258,2.078],"ix":2},"a":{"a":0,"k":[0,0],"ix":1},"s":{"a":0,"k":[100,100],"ix":3},"r":{"a":0,"k":0,"ix":6},"o":{"a":0,"k":100,"ix":7},"sk":{"a":0,"k":0,"ix":4},"sa":{"a":0,"k":0,"ix":5},"nm":"Ã¥ÂÂÃ¦ÂÂ¢"}],"nm":"Ã¦Â¤Â­Ã¥ÂÂ 1","np":4,"cix":2,"bm":0,"ix":1,"mn":"ADBE Vector Group","hd":false}],"ip":78,"op":440,"st":140,"bm":0},{"ddd":0,"ind":16,"ty":4,"nm":"Ã¥Â½Â¢Ã§ÂÂ¶Ã¥ÂÂ¾Ã¥Â±Â 3","sr":1,"ks":{"o":{"a":0,"k":100,"ix":11},"r":{"a":0,"k":40,"ix":10},"p":{"a":0,"k":[400,300,0],"ix":2},"a":{"a":0,"k":[1.258,2.078,0],"ix":1},"s":{"a":0,"k":[100,100,100],"ix":6}},"ao":0,"shapes":[{"ty":"gr","it":[{"d":1,"ty":"el","s":{"a":0,"k":[200,200],"ix":2},"p":{"a":0,"k":[0,0],"ix":3},"nm":"Ã¦Â¤Â­Ã¥ÂÂÃ¨Â·Â¯Ã¥Â¾Â 1","mn":"ADBE Vector Shape - Ellipse","hd":false},{"ty":"tm","s":{"a":0,"k":0,"ix":1},"e":{"a":0,"k":5,"ix":2},"o":{"a":1,"k":[{"i":{"x":[0.667],"y":[1]},"o":{"x":[0.333],"y":[0]},"t":150,"s":[0]},{"t":180,"s":[120]}],"ix":3},"m":1,"ix":2,"nm":"Ã¤Â¿Â®Ã¥ÂÂªÃ¨Â·Â¯Ã¥Â¾Â 1","mn":"ADBE Vector Filter - Trim","hd":false},{"ty":"st","c":{"a":0,"k":[0.16862745098039217,0.4235294117647059,0.6509803921568628,1],"ix":3},"o":{"a":0,"k":100,"ix":4},"w":{"a":0,"k":40,"ix":5},"lc":2,"lj":1,"ml":4,"bm":0,"nm":"Ã¦ÂÂÃ¨Â¾Â¹ 1","mn":"ADBE Vector Graphic - Stroke","hd":false},{"ty":"tr","p":{"a":0,"k":[1.258,2.078],"ix":2},"a":{"a":0,"k":[0,0],"ix":1},"s":{"a":0,"k":[100,100],"ix":3},"r":{"a":0,"k":0,"ix":6},"o":{"a":0,"k":100,"ix":7},"sk":{"a":0,"k":0,"ix":4},"sa":{"a":0,"k":0,"ix":5},"nm":"Ã¥ÂÂÃ¦ÂÂ¢"}],"nm":"Ã¦Â¤Â­Ã¥ÂÂ 1","np":4,"cix":2,"bm":0,"ix":1,"mn":"ADBE Vector Group","hd":false}],"ip":78,"op":450,"st":150,"bm":0},{"ddd":0,"ind":17,"ty":4,"nm":"Ã¥Â½Â¢Ã§ÂÂ¶Ã¥ÂÂ¾Ã¥Â±Â 2","sr":1,"ks":{"o":{"a":0,"k":100,"ix":11},"r":{"a":0,"k":20,"ix":10},"p":{"a":0,"k":[400,300,0],"ix":2},"a":{"a":0,"k":[1.258,2.078,0],"ix":1},"s":{"a":0,"k":[100,100,100],"ix":6}},"ao":0,"shapes":[{"ty":"gr","it":[{"d":1,"ty":"el","s":{"a":0,"k":[200,200],"ix":2},"p":{"a":0,"k":[0,0],"ix":3},"nm":"Ã¦Â¤Â­Ã¥ÂÂÃ¨Â·Â¯Ã¥Â¾Â 1","mn":"ADBE Vector Shape - Ellipse","hd":false},{"ty":"tm","s":{"a":0,"k":0,"ix":1},"e":{"a":0,"k":5,"ix":2},"o":{"a":1,"k":[{"i":{"x":[0.667],"y":[1]},"o":{"x":[0.333],"y":[0]},"t":160,"s":[0]},{"t":190,"s":[120]}],"ix":3},"m":1,"ix":2,"nm":"Ã¤Â¿Â®Ã¥ÂÂªÃ¨Â·Â¯Ã¥Â¾Â 1","mn":"ADBE Vector Filter - Trim","hd":false},{"ty":"st","c":{"a":0,"k":[0.16862745098039217,0.4235294117647059,0.6509803921568628,1],"ix":3},"o":{"a":0,"k":100,"ix":4},"w":{"a":0,"k":40,"ix":5},"lc":2,"lj":1,"ml":4,"bm":0,"nm":"Ã¦ÂÂÃ¨Â¾Â¹ 1","mn":"ADBE Vector Graphic - Stroke","hd":false},{"ty":"tr","p":{"a":0,"k":[1.258,2.078],"ix":2},"a":{"a":0,"k":[0,0],"ix":1},"s":{"a":0,"k":[100,100],"ix":3},"r":{"a":0,"k":0,"ix":6},"o":{"a":0,"k":100,"ix":7},"sk":{"a":0,"k":0,"ix":4},"sa":{"a":0,"k":0,"ix":5},"nm":"Ã¥ÂÂÃ¦ÂÂ¢"}],"nm":"Ã¦Â¤Â­Ã¥ÂÂ 1","np":4,"cix":2,"bm":0,"ix":1,"mn":"ADBE Vector Group","hd":false}],"ip":78,"op":460,"st":160,"bm":0},{"ddd":0,"ind":18,"ty":4,"nm":"Ã¥Â½Â¢Ã§ÂÂ¶Ã¥ÂÂ¾Ã¥Â±Â 1","sr":1,"ks":{"o":{"a":0,"k":100,"ix":11},"r":{"a":0,"k":0,"ix":10},"p":{"a":0,"k":[400,300,0],"ix":2},"a":{"a":0,"k":[1.258,2.078,0],"ix":1},"s":{"a":0,"k":[100,100,100],"ix":6}},"ao":0,"shapes":[{"ty":"gr","it":[{"d":1,"ty":"el","s":{"a":0,"k":[200,200],"ix":2},"p":{"a":0,"k":[0,0],"ix":3},"nm":"Ã¦Â¤Â­Ã¥ÂÂÃ¨Â·Â¯Ã¥Â¾Â 1","mn":"ADBE Vector Shape - Ellipse","hd":false},{"ty":"tm","s":{"a":0,"k":0,"ix":1},"e":{"a":0,"k":5,"ix":2},"o":{"a":1,"k":[{"i":{"x":[0.667],"y":[1]},"o":{"x":[0.333],"y":[0]},"t":170,"s":[0]},{"t":200,"s":[120]}],"ix":3},"m":1,"ix":2,"nm":"Ã¤Â¿Â®Ã¥ÂÂªÃ¨Â·Â¯Ã¥Â¾Â 1","mn":"ADBE Vector Filter - Trim","hd":false},{"ty":"st","c":{"a":0,"k":[0.16862745098039217,0.4235294117647059,0.6509803921568628,1],"ix":3},"o":{"a":0,"k":100,"ix":4},"w":{"a":0,"k":40,"ix":5},"lc":2,"lj":1,"ml":4,"bm":0,"nm":"Ã¦ÂÂÃ¨Â¾Â¹ 1","mn":"ADBE Vector Graphic - Stroke","hd":false},{"ty":"tr","p":{"a":0,"k":[1.258,2.078],"ix":2},"a":{"a":0,"k":[0,0],"ix":1},"s":{"a":0,"k":[100,100],"ix":3},"r":{"a":0,"k":0,"ix":6},"o":{"a":0,"k":100,"ix":7},"sk":{"a":0,"k":0,"ix":4},"sa":{"a":0,"k":0,"ix":5},"nm":"Ã¥ÂÂÃ¦ÂÂ¢"}],"nm":"Ã¦Â¤Â­Ã¥ÂÂ 1","np":4,"cix":2,"bm":0,"ix":1,"mn":"ADBE Vector Group","hd":false}],"ip":78,"op":470,"st":170,"bm":0},{"ddd":0,"ind":19,"ty":4,"nm":"Ã¥Â½Â¢Ã§ÂÂ¶Ã¥ÂÂ¾Ã¥Â±Â 24","sr":1,"ks":{"o":{"a":0,"k":100,"ix":11},"r":{"a":0,"k":340,"ix":10},"p":{"a":0,"k":[400,300,0],"ix":2},"a":{"a":0,"k":[1.258,2.078,0],"ix":1},"s":{"a":0,"k":[100,100,100],"ix":6}},"ao":0,"shapes":[{"ty":"gr","it":[{"d":1,"ty":"el","s":{"a":0,"k":[200,200],"ix":2},"p":{"a":0,"k":[0,0],"ix":3},"nm":"Ã¦Â¤Â­Ã¥ÂÂÃ¨Â·Â¯Ã¥Â¾Â 1","mn":"ADBE Vector Shape - Ellipse","hd":false},{"ty":"tm","s":{"a":0,"k":0,"ix":1},"e":{"a":0,"k":5,"ix":2},"o":{"a":1,"k":[{"i":{"x":[0.667],"y":[1]},"o":{"x":[0.333],"y":[0]},"t":180,"s":[0]},{"t":210,"s":[120]}],"ix":3},"m":1,"ix":2,"nm":"Ã¤Â¿Â®Ã¥ÂÂªÃ¨Â·Â¯Ã¥Â¾Â 1","mn":"ADBE Vector Filter - Trim","hd":false},{"ty":"st","c":{"a":0,"k":[0.16862745098039217,0.4235294117647059,0.6509803921568628,1],"ix":3},"o":{"a":0,"k":100,"ix":4},"w":{"a":0,"k":40,"ix":5},"lc":2,"lj":1,"ml":4,"bm":0,"nm":"Ã¦ÂÂÃ¨Â¾Â¹ 1","mn":"ADBE Vector Graphic - Stroke","hd":false},{"ty":"tr","p":{"a":0,"k":[1.258,2.078],"ix":2},"a":{"a":0,"k":[0,0],"ix":1},"s":{"a":0,"k":[100,100],"ix":3},"r":{"a":0,"k":0,"ix":6},"o":{"a":0,"k":100,"ix":7},"sk":{"a":0,"k":0,"ix":4},"sa":{"a":0,"k":0,"ix":5},"nm":"Ã¥ÂÂÃ¦ÂÂ¢"}],"nm":"Ã¦Â¤Â­Ã¥ÂÂ 1","np":4,"cix":2,"bm":0,"ix":1,"mn":"ADBE Vector Group","hd":false}],"ip":180,"op":301,"st":180,"bm":0},{"ddd":0,"ind":20,"ty":4,"nm":"Ã¥Â½Â¢Ã§ÂÂ¶Ã¥ÂÂ¾Ã¥Â±Â 23","sr":1,"ks":{"o":{"a":0,"k":100,"ix":11},"r":{"a":0,"k":320,"ix":10},"p":{"a":0,"k":[400,300,0],"ix":2},"a":{"a":0,"k":[1.258,2.078,0],"ix":1},"s":{"a":0,"k":[100,100,100],"ix":6}},"ao":0,"shapes":[{"ty":"gr","it":[{"d":1,"ty":"el","s":{"a":0,"k":[200,200],"ix":2},"p":{"a":0,"k":[0,0],"ix":3},"nm":"Ã¦Â¤Â­Ã¥ÂÂÃ¨Â·Â¯Ã¥Â¾Â 1","mn":"ADBE Vector Shape - Ellipse","hd":false},{"ty":"tm","s":{"a":0,"k":0,"ix":1},"e":{"a":0,"k":5,"ix":2},"o":{"a":1,"k":[{"i":{"x":[0.667],"y":[1]},"o":{"x":[0.333],"y":[0]},"t":190,"s":[0]},{"t":220,"s":[120]}],"ix":3},"m":1,"ix":2,"nm":"Ã¤Â¿Â®Ã¥ÂÂªÃ¨Â·Â¯Ã¥Â¾Â 1","mn":"ADBE Vector Filter - Trim","hd":false},{"ty":"st","c":{"a":0,"k":[0.16862745098039217,0.4235294117647059,0.6509803921568628,1],"ix":3},"o":{"a":0,"k":100,"ix":4},"w":{"a":0,"k":40,"ix":5},"lc":2,"lj":1,"ml":4,"bm":0,"nm":"Ã¦ÂÂÃ¨Â¾Â¹ 1","mn":"ADBE Vector Graphic - Stroke","hd":false},{"ty":"tr","p":{"a":0,"k":[1.258,2.078],"ix":2},"a":{"a":0,"k":[0,0],"ix":1},"s":{"a":0,"k":[100,100],"ix":3},"r":{"a":0,"k":0,"ix":6},"o":{"a":0,"k":100,"ix":7},"sk":{"a":0,"k":0,"ix":4},"sa":{"a":0,"k":0,"ix":5},"nm":"Ã¥ÂÂÃ¦ÂÂ¢"}],"nm":"Ã¦Â¤Â­Ã¥ÂÂ 1","np":4,"cix":2,"bm":0,"ix":1,"mn":"ADBE Vector Group","hd":false}],"ip":180,"op":301,"st":190,"bm":0},{"ddd":0,"ind":21,"ty":4,"nm":"Ã¥Â½Â¢Ã§ÂÂ¶Ã¥ÂÂ¾Ã¥Â±Â 22","sr":1,"ks":{"o":{"a":0,"k":100,"ix":11},"r":{"a":0,"k":300,"ix":10},"p":{"a":0,"k":[400,300,0],"ix":2},"a":{"a":0,"k":[1.258,2.078,0],"ix":1},"s":{"a":0,"k":[100,100,100],"ix":6}},"ao":0,"shapes":[{"ty":"gr","it":[{"d":1,"ty":"el","s":{"a":0,"k":[200,200],"ix":2},"p":{"a":0,"k":[0,0],"ix":3},"nm":"Ã¦Â¤Â­Ã¥ÂÂÃ¨Â·Â¯Ã¥Â¾Â 1","mn":"ADBE Vector Shape - Ellipse","hd":false},{"ty":"tm","s":{"a":0,"k":0,"ix":1},"e":{"a":0,"k":5,"ix":2},"o":{"a":1,"k":[{"i":{"x":[0.667],"y":[1]},"o":{"x":[0.333],"y":[0]},"t":200,"s":[0]},{"t":230,"s":[120]}],"ix":3},"m":1,"ix":2,"nm":"Ã¤Â¿Â®Ã¥ÂÂªÃ¨Â·Â¯Ã¥Â¾Â 1","mn":"ADBE Vector Filter - Trim","hd":false},{"ty":"st","c":{"a":0,"k":[0.16862745098039217,0.4235294117647059,0.6509803921568628,1],"ix":3},"o":{"a":0,"k":100,"ix":4},"w":{"a":0,"k":40,"ix":5},"lc":2,"lj":1,"ml":4,"bm":0,"nm":"Ã¦ÂÂÃ¨Â¾Â¹ 1","mn":"ADBE Vector Graphic - Stroke","hd":false},{"ty":"tr","p":{"a":0,"k":[1.258,2.078],"ix":2},"a":{"a":0,"k":[0,0],"ix":1},"s":{"a":0,"k":[100,100],"ix":3},"r":{"a":0,"k":0,"ix":6},"o":{"a":0,"k":100,"ix":7},"sk":{"a":0,"k":0,"ix":4},"sa":{"a":0,"k":0,"ix":5},"nm":"Ã¥ÂÂÃ¦ÂÂ¢"}],"nm":"Ã¦Â¤Â­Ã¥ÂÂ 1","np":4,"cix":2,"bm":0,"ix":1,"mn":"ADBE Vector Group","hd":false}],"ip":180,"op":301,"st":200,"bm":0},{"ddd":0,"ind":22,"ty":4,"nm":"Ã¥Â½Â¢Ã§ÂÂ¶Ã¥ÂÂ¾Ã¥Â±Â 21","sr":1,"ks":{"o":{"a":0,"k":100,"ix":11},"r":{"a":0,"k":280,"ix":10},"p":{"a":0,"k":[400,300,0],"ix":2},"a":{"a":0,"k":[1.258,2.078,0],"ix":1},"s":{"a":0,"k":[100,100,100],"ix":6}},"ao":0,"shapes":[{"ty":"gr","it":[{"d":1,"ty":"el","s":{"a":0,"k":[200,200],"ix":2},"p":{"a":0,"k":[0,0],"ix":3},"nm":"Ã¦Â¤Â­Ã¥ÂÂÃ¨Â·Â¯Ã¥Â¾Â 1","mn":"ADBE Vector Shape - Ellipse","hd":false},{"ty":"tm","s":{"a":0,"k":0,"ix":1},"e":{"a":0,"k":5,"ix":2},"o":{"a":1,"k":[{"i":{"x":[0.667],"y":[1]},"o":{"x":[0.333],"y":[0]},"t":210,"s":[0]},{"t":240,"s":[120]}],"ix":3},"m":1,"ix":2,"nm":"Ã¤Â¿Â®Ã¥ÂÂªÃ¨Â·Â¯Ã¥Â¾Â 1","mn":"ADBE Vector Filter - Trim","hd":false},{"ty":"st","c":{"a":0,"k":[0.16862745098039217,0.4235294117647059,0.6509803921568628,1],"ix":3},"o":{"a":0,"k":100,"ix":4},"w":{"a":0,"k":40,"ix":5},"lc":2,"lj":1,"ml":4,"bm":0,"nm":"Ã¦ÂÂÃ¨Â¾Â¹ 1","mn":"ADBE Vector Graphic - Stroke","hd":false},{"ty":"tr","p":{"a":0,"k":[1.258,2.078],"ix":2},"a":{"a":0,"k":[0,0],"ix":1},"s":{"a":0,"k":[100,100],"ix":3},"r":{"a":0,"k":0,"ix":6},"o":{"a":0,"k":100,"ix":7},"sk":{"a":0,"k":0,"ix":4},"sa":{"a":0,"k":0,"ix":5},"nm":"Ã¥ÂÂÃ¦ÂÂ¢"}],"nm":"Ã¦Â¤Â­Ã¥ÂÂ 1","np":4,"cix":2,"bm":0,"ix":1,"mn":"ADBE Vector Group","hd":false}],"ip":180,"op":301,"st":210,"bm":0},{"ddd":0,"ind":23,"ty":4,"nm":"Ã¥Â½Â¢Ã§ÂÂ¶Ã¥ÂÂ¾Ã¥Â±Â 20","sr":1,"ks":{"o":{"a":0,"k":100,"ix":11},"r":{"a":0,"k":260,"ix":10},"p":{"a":0,"k":[400,300,0],"ix":2},"a":{"a":0,"k":[1.258,2.078,0],"ix":1},"s":{"a":0,"k":[100,100,100],"ix":6}},"ao":0,"shapes":[{"ty":"gr","it":[{"d":1,"ty":"el","s":{"a":0,"k":[200,200],"ix":2},"p":{"a":0,"k":[0,0],"ix":3},"nm":"Ã¦Â¤Â­Ã¥ÂÂÃ¨Â·Â¯Ã¥Â¾Â 1","mn":"ADBE Vector Shape - Ellipse","hd":false},{"ty":"tm","s":{"a":0,"k":0,"ix":1},"e":{"a":0,"k":5,"ix":2},"o":{"a":1,"k":[{"i":{"x":[0.667],"y":[1]},"o":{"x":[0.333],"y":[0]},"t":220,"s":[0]},{"t":250,"s":[120]}],"ix":3},"m":1,"ix":2,"nm":"Ã¤Â¿Â®Ã¥ÂÂªÃ¨Â·Â¯Ã¥Â¾Â 1","mn":"ADBE Vector Filter - Trim","hd":false},{"ty":"st","c":{"a":0,"k":[0.16862745098039217,0.4235294117647059,0.6509803921568628,1],"ix":3},"o":{"a":0,"k":100,"ix":4},"w":{"a":0,"k":40,"ix":5},"lc":2,"lj":1,"ml":4,"bm":0,"nm":"Ã¦ÂÂÃ¨Â¾Â¹ 1","mn":"ADBE Vector Graphic - Stroke","hd":false},{"ty":"tr","p":{"a":0,"k":[1.258,2.078],"ix":2},"a":{"a":0,"k":[0,0],"ix":1},"s":{"a":0,"k":[100,100],"ix":3},"r":{"a":0,"k":0,"ix":6},"o":{"a":0,"k":100,"ix":7},"sk":{"a":0,"k":0,"ix":4},"sa":{"a":0,"k":0,"ix":5},"nm":"Ã¥ÂÂÃ¦ÂÂ¢"}],"nm":"Ã¦Â¤Â­Ã¥ÂÂ 1","np":4,"cix":2,"bm":0,"ix":1,"mn":"ADBE Vector Group","hd":false}],"ip":180,"op":301,"st":220,"bm":0},{"ddd":0,"ind":24,"ty":4,"nm":"Ã¥Â½Â¢Ã§ÂÂ¶Ã¥ÂÂ¾Ã¥Â±Â 19","sr":1,"ks":{"o":{"a":0,"k":100,"ix":11},"r":{"a":0,"k":240,"ix":10},"p":{"a":0,"k":[400,300,0],"ix":2},"a":{"a":0,"k":[1.258,2.078,0],"ix":1},"s":{"a":0,"k":[100,100,100],"ix":6}},"ao":0,"shapes":[{"ty":"gr","it":[{"d":1,"ty":"el","s":{"a":0,"k":[200,200],"ix":2},"p":{"a":0,"k":[0,0],"ix":3},"nm":"Ã¦Â¤Â­Ã¥ÂÂÃ¨Â·Â¯Ã¥Â¾Â 1","mn":"ADBE Vector Shape - Ellipse","hd":false},{"ty":"tm","s":{"a":0,"k":0,"ix":1},"e":{"a":0,"k":5,"ix":2},"o":{"a":1,"k":[{"i":{"x":[0.667],"y":[1]},"o":{"x":[0.333],"y":[0]},"t":230,"s":[0]},{"t":260,"s":[120]}],"ix":3},"m":1,"ix":2,"nm":"Ã¤Â¿Â®Ã¥ÂÂªÃ¨Â·Â¯Ã¥Â¾Â 1","mn":"ADBE Vector Filter - Trim","hd":false},{"ty":"st","c":{"a":0,"k":[0.16862745098039217,0.4235294117647059,0.6509803921568628,1],"ix":3},"o":{"a":0,"k":100,"ix":4},"w":{"a":0,"k":40,"ix":5},"lc":2,"lj":1,"ml":4,"bm":0,"nm":"Ã¦ÂÂÃ¨Â¾Â¹ 1","mn":"ADBE Vector Graphic - Stroke","hd":false},{"ty":"tr","p":{"a":0,"k":[1.258,2.078],"ix":2},"a":{"a":0,"k":[0,0],"ix":1},"s":{"a":0,"k":[100,100],"ix":3},"r":{"a":0,"k":0,"ix":6},"o":{"a":0,"k":100,"ix":7},"sk":{"a":0,"k":0,"ix":4},"sa":{"a":0,"k":0,"ix":5},"nm":"Ã¥ÂÂÃ¦ÂÂ¢"}],"nm":"Ã¦Â¤Â­Ã¥ÂÂ 1","np":4,"cix":2,"bm":0,"ix":1,"mn":"ADBE Vector Group","hd":false}],"ip":180,"op":301,"st":230,"bm":0}]}],"layers":[{"ddd":0,"ind":1,"ty":0,"nm":"Ã©Â¢ÂÃ¥ÂÂÃ¦ÂÂ 1","refId":"comp_0","sr":1,"ks":{"o":{"a":0,"k":100,"ix":11},"r":{"a":0,"k":0,"ix":10},"p":{"a":0,"k":[450,337.5,0],"ix":2},"a":{"a":0,"k":[400,300,0],"ix":1},"s":{"a":0,"k":[112.5,116.6666666666667,100],"ix":6}},"ao":0,"ef":[{"ty":5,"nm":"Ã§Â®ÂÃ¥ÂÂÃ©ÂÂ»Ã¥Â¡ÂÃ¥Â·Â¥Ã¥ÂÂ·","np":4,"mn":"ADBE Simple Choker","ix":1,"en":1,"ef":[{"ty":7,"nm":"Ã¨Â§ÂÃ¥ÂÂ¾","mn":"ADBE Simple Choker-0001","ix":1,"v":{"a":0,"k":1,"ix":1}},{"ty":0,"nm":"Ã©ÂÂ»Ã¥Â¡ÂÃ©ÂÂ®Ã§Â½Â©","mn":"ADBE Simple Choker-0002","ix":2,"v":{"a":0,"k":14,"ix":2}}]},{"ty":5,"nm":"Ã¦Â¢Â¯Ã¥ÂºÂ¦Ã¦Â¸ÂÃ¥ÂÂ","np":10,"mn":"ADBE Ramp","ix":2,"en":1,"ef":[{"ty":3,"nm":"Ã¦Â¸ÂÃ¥ÂÂÃ¨ÂµÂ·Ã§ÂÂ¹","mn":"ADBE Ramp-0001","ix":1,"v":{"a":0,"k":[400,0],"ix":1}},{"ty":2,"nm":"Ã¨ÂµÂ·Ã¥Â§ÂÃ©Â¢ÂÃ¨ÂÂ²","mn":"ADBE Ramp-0002","ix":2,"v":{"a":0,"k":[0.263066768646,1,0.867243647575,1],"ix":2}},{"ty":3,"nm":"Ã¦Â¸ÂÃ¥ÂÂÃ§Â»ÂÃ§ÂÂ¹","mn":"ADBE Ramp-0003","ix":3,"v":{"a":0,"k":[400,600],"ix":3}},{"ty":2,"nm":"Ã§Â»ÂÃ¦ÂÂÃ©Â¢ÂÃ¨ÂÂ²","mn":"ADBE Ramp-0004","ix":4,"v":{"a":0,"k":[0.354580283165,1,0.820018112659,1],"ix":4}},{"ty":7,"nm":"Ã¦Â¸ÂÃ¥ÂÂÃ¥Â½Â¢Ã§ÂÂ¶","mn":"ADBE Ramp-0005","ix":5,"v":{"a":0,"k":1,"ix":5}},{"ty":0,"nm":"Ã¦Â¸ÂÃ¥ÂÂÃ¦ÂÂ£Ã¥Â°Â","mn":"ADBE Ramp-0006","ix":6,"v":{"a":0,"k":0,"ix":6}},{"ty":0,"nm":"Ã¤Â¸ÂÃ¥ÂÂÃ¥Â§ÂÃ¥ÂÂ¾Ã¥ÂÂÃ¦Â·Â·Ã¥ÂÂ","mn":"ADBE Ramp-0007","ix":7,"v":{"a":0,"k":0,"ix":7}},{"ty":6,"nm":"","mn":"ADBE Ramp-0008","ix":8,"v":0}]}],"w":800,"h":600,"ip":0,"op":300,"st":0,"bm":0},{"ddd":0,"ind":2,"ty":0,"nm":"Ã©Â¢ÂÃ¥ÂÂÃ¦ÂÂ 1","refId":"comp_0","sr":1,"ks":{"o":{"a":0,"k":56,"ix":11},"r":{"a":0,"k":0,"ix":10},"p":{"a":0,"k":[450,360,0],"ix":2},"a":{"a":0,"k":[400,300,0],"ix":1},"s":{"a":0,"k":[112.5,116.6666666666667,100],"ix":6}},"ao":0,"ef":[{"ty":5,"nm":"Ã§Â®ÂÃ¥ÂÂÃ©ÂÂ»Ã¥Â¡ÂÃ¥Â·Â¥Ã¥ÂÂ·","np":4,"mn":"ADBE Simple Choker","ix":1,"en":1,"ef":[{"ty":7,"nm":"Ã¨Â§ÂÃ¥ÂÂ¾","mn":"ADBE Simple Choker-0001","ix":1,"v":{"a":0,"k":1,"ix":1}},{"ty":0,"nm":"Ã©ÂÂ»Ã¥Â¡ÂÃ©ÂÂ®Ã§Â½Â©","mn":"ADBE Simple Choker-0002","ix":2,"v":{"a":0,"k":14,"ix":2}}]},{"ty":5,"nm":"Ã¦Â¢Â¯Ã¥ÂºÂ¦Ã¦Â¸ÂÃ¥ÂÂ","np":10,"mn":"ADBE Ramp","ix":2,"en":1,"ef":[{"ty":3,"nm":"Ã¦Â¸ÂÃ¥ÂÂÃ¨ÂµÂ·Ã§ÂÂ¹","mn":"ADBE Ramp-0001","ix":1,"v":{"a":0,"k":[400,0],"ix":1}},{"ty":2,"nm":"Ã¨ÂµÂ·Ã¥Â§ÂÃ©Â¢ÂÃ¨ÂÂ²","mn":"ADBE Ramp-0002","ix":2,"v":{"a":0,"k":[0.263066768646,1,0.867243647575,1],"ix":2}},{"ty":3,"nm":"Ã¦Â¸ÂÃ¥ÂÂÃ§Â»ÂÃ§ÂÂ¹","mn":"ADBE Ramp-0003","ix":3,"v":{"a":0,"k":[400,600],"ix":3}},{"ty":2,"nm":"Ã§Â»ÂÃ¦ÂÂÃ©Â¢ÂÃ¨ÂÂ²","mn":"ADBE Ramp-0004","ix":4,"v":{"a":0,"k":[0.354580283165,1,0.820018112659,1],"ix":4}},{"ty":7,"nm":"Ã¦Â¸ÂÃ¥ÂÂÃ¥Â½Â¢Ã§ÂÂ¶","mn":"ADBE Ramp-0005","ix":5,"v":{"a":0,"k":1,"ix":5}},{"ty":0,"nm":"Ã¦Â¸ÂÃ¥ÂÂÃ¦ÂÂ£Ã¥Â°Â","mn":"ADBE Ramp-0006","ix":6,"v":{"a":0,"k":0,"ix":6}},{"ty":0,"nm":"Ã¤Â¸ÂÃ¥ÂÂÃ¥Â§ÂÃ¥ÂÂ¾Ã¥ÂÂÃ¦Â·Â·Ã¥ÂÂ","mn":"ADBE Ramp-0007","ix":7,"v":{"a":0,"k":0,"ix":7}},{"ty":6,"nm":"","mn":"ADBE Ramp-0008","ix":8,"v":0}]},{"ty":29,"nm":"Ã©Â«ÂÃ¦ÂÂ¯Ã¦Â¨Â¡Ã§Â³Â","np":5,"mn":"ADBE Gaussian Blur 2","ix":3,"en":1,"ef":[{"ty":0,"nm":"Ã¦Â¨Â¡Ã§Â³ÂÃ¥ÂºÂ¦","mn":"ADBE Gaussian Blur 2-0001","ix":1,"v":{"a":0,"k":41.3,"ix":1}},{"ty":7,"nm":"Ã¦Â¨Â¡Ã§Â³ÂÃ¦ÂÂ¹Ã¥ÂÂ","mn":"ADBE Gaussian Blur 2-0002","ix":2,"v":{"a":0,"k":1,"ix":2}},{"ty":7,"nm":"Ã©ÂÂÃ¥Â¤ÂÃ¨Â¾Â¹Ã§Â¼ÂÃ¥ÂÂÃ§Â´Â ","mn":"ADBE Gaussian Blur 2-0003","ix":3,"v":{"a":0,"k":0,"ix":3}}]}],"w":800,"h":600,"ip":0,"op":300,"st":0,"bm":0}],"markers":[]}