{
  "project_info": {
    "project_number": "171416093077",
    "firebase_url": "https://rabby-4b84f-default-rtdb.firebaseio.com",
    "project_id": "rabby-4b84f",
    "storage_bucket": "rabby-4b84f.appspot.com"
  },
  "client": [
    {
      "client_info": {
        "mobilesdk_app_id": "1:171416093077:android:040fb84c6557fedf7db69c",
        "android_client_info": {
          "package_name": "com.example.rabby"
        }
      },
      "oauth_client": [],
      "api_key": [
        {
          "current_key": "AIzaSyB61Ygn8DvJqouQa59E0zk0HVJaI3ihop0"
        }
      ],
      "services": {
        "appinvite_service": {
          "other_platform_oauth_client": []
        }
      }
    },
    {
      "client_info": {
        "mobilesdk_app_id": "1:171416093077:android:e8291ea7d9e7432a7db69c",
        "android_client_info": {
          "package_name": "com.example.signup"
        }
      },
      "oauth_client": [],
      "api_key": [
        {
          "current_key": "AIzaSyB61Ygn8DvJqouQa59E0zk0HVJaI3ihop0"
        }
      ],
      "services": {
        "appinvite_service": {
          "other_platform_oauth_client": []
        }
      }
    }
  ],
  "configuration_version": "1"
}